sorted_sim,sorted_Obs
1035152,504005
1039746,547583
1044095,563171
1050449,590986
1052270,596893
1057580,606702
1073841,607254
1076361,608886
1080520,611064
1085261,611980
1094062,613294
1096514,616003
1096612,621177
1097243,625810
1097604,630106
1105163,631135
1107155,633380
1108760,635695
1109572,640569
1109845,642877
1111089,644976
1111336,646569
1112209,648742
1112855,649544
1114312,652321
1114913,657932
1117742,659714
1121635,664548
1122562,665112
1122905,665505
1126797,666828
1127054,667993
1128777,669041
1131828,669938
1133240,673151
1134311,673444
1134514,675615
1137677,676243
1139398,679005
1139627,680740
1139804,681749
1140473,682394
1140534,683847
1142200,684480
1142490,689297
1143341,691398
1143422,694608
1145451,695039
1146852,695917
1149877,696027
1152776,697614
1152778,698994
1153176,699180
1153453,700137
1154551,703299
1154625,704464
1155368,706819
1156276,706928
1156839,707096
1157108,707175
1157581,708855
1157793,712193
1159461,712358
1159475,712737
1160039,715752
1160150,716469
1160176,717466
1161763,717677
1161791,718454
1162069,719631
1162503,720931
1162523,721832
1162945,723263
1163200,723640
1164141,724794
1164738,726778
1165753,726834
1166076,726839
1167775,728360
1168145,729119
1168891,729661
1170133,730533
1171114,731467
1171765,732101
1171972,732981
1172290,734264
1173384,734992
1173744,735444
1175429,735504
1175772,735950
1176392,736648
1176431,737378
1177125,738042
1177623,739613
1177915,740871
1178559,741866
1179748,742106
1180270,742128
1181198,742772
1182280,744059
1182613,744849
1182693,746007
1183979,749515
1184141,749769
1185524,751392
1185810,751542
1185858,752241
1186013,752326
1186186,752589
1186942,753057
1187021,754478
1187065,754600
1187502,754677
1188386,755372
1188522,755387
1189423,755884
1189738,757522
1190432,759013
1190479,760679
1190831,760806
1191174,760907
1191376,761353
1191872,761526
1191875,761690
1192227,762590
1193035,762914
1193314,763826
1194054,764284
1195100,764617
1195165,764713
1195628,765448
1195917,765551
1196657,766041
1197229,767388
1197928,767411
1198265,767602
1198275,768055
1199024,768334
1199117,768456
1201080,768559
1201165,770404
1201947,770953
1202010,770963
1202133,772940
1202778,773618
1203092,774336
1203419,774592
1204141,775685
1204428,776823
1204468,778444
1204841,778518
1205151,779007
1205793,779269
1206502,779948
1206943,780333
1207118,780808
1207221,782253
1207752,782343
1207886,782379
1208797,783590
1209368,783868
1209704,784182
1211276,785774
1211858,786687
1212123,787805
1214337,788090
1214523,788816
1215871,789383
1215951,789533
1216212,789837
1217349,790038
1218040,791473
1218130,791878
1218234,791932
1218470,792089
1218685,792183
1218755,792895
1218813,793657
1219161,793791
1219398,794098
1219605,794565
1220716,795809
1221949,796212
1222944,796781
1223150,797145
1223643,798305
1224331,798340
1225136,798625
1225369,799145
1225799,801382
1225816,801709
1225907,802745
1226484,802887
1226703,803457
1226814,804558
1226912,804986
1226973,806201
1227853,806327
1228417,806832
1228476,806939
1228741,808019
1228833,808689
1229800,808783
1230056,809730
1230149,809827
1230465,812264
1230774,812922
1231539,813128
1232370,813908
1232388,814009
1233628,814196
1233663,814973
1233669,816177
1233836,816233
1233887,816398
1233957,816421
1233965,817279
1234274,817765
1234523,819702
1234552,820379
1234870,821848
1235360,823893
1236174,824049
1236388,825625
1236780,829304
1237292,829830
1237407,830567
1237904,830941
1238230,831060
1238270,833140
1238847,833936
1239007,835190
1240124,835685
1241062,836386
1241653,836919
1241759,837659
1241859,838317
1242360,839044
1242773,839377
1242956,840982
1243098,841049
1243217,841087
1243627,844207
1243639,844283
1244070,844573
1245017,844778
1246151,845418
1247250,847214
1248433,848236
1248668,849034
1249685,849071
1249759,849074
1249939,850169
1250101,850320
1250393,850463
1250760,851167
1251289,851341
1252250,852292
1252587,853061
1252738,853505
1253804,853819
1254297,853875
1254344,854087
1254647,854198
1254809,855083
1254906,856126
1255245,856940
1255443,857525
1256124,858128
1256756,858552
1256881,860200
1256924,860479
1257230,860563
1257705,863542
1258672,864591
1258742,865556
1259402,867028
1260587,867600
1261364,867828
1262170,869730
1262858,870861
1262954,871201
1263131,871219
1263490,871273
1263715,872282
1264489,872414
1266134,872676
1266649,872813
1267785,874830
1267911,876704
1268541,876721
1268871,877426
1268918,877868
1269283,878658
1269772,879289
1270079,879327
1270658,879618
1270841,880098
1271391,880445
1271980,881686
1272366,882123
1272421,882196
1272895,882204
1272942,882463
1273495,882655
1273854,883277
1273910,883788
1273945,884231
1274617,884495
1274747,884523
1274933,884750
1275358,884972
1275755,885744
1276457,886101
1276503,886662
1276571,886825
1276577,886835
1277487,888606
1278048,888977
1278509,889470
1278554,889679
1278586,889831
1279775,891198
1280392,891614
1281006,891688
1281008,891690
1281769,892768
1282170,893299
1282243,893719
1282246,894450
1282645,895055
1283107,895633
1284256,895745
1284381,895831
1284733,897392
1284957,897787
1285147,899827
1285228,900007
1285511,900109
1285572,900201
1285884,900904
1286003,902380
1286230,903761
1286832,904863
1286970,905515
1288159,907237
1288344,909336
1288435,909409
1288790,911310
1288881,911584
1289013,911707
1289028,912500
1289135,912943
1289472,913148
1289958,913223
1290358,913489
1290687,914785
1290755,914864
1291992,914933
1292803,915121
1293053,916649
1293729,917544
1294078,917940
1294156,918192
1294168,918576
1294618,919375
1294884,919652
1295039,919793
1295097,919800
1295153,920402
1296183,923047
1297591,923655
1297745,923792
1299434,924595
1299879,925134
1301032,925474
1301851,925492
1302368,925607
1302388,926079
1302416,926525
1302426,927326
1302901,927350
1302996,928645
1303055,930257
1303536,931039
1304222,931278
1305723,932274
1306087,932281
1306402,933257
1306413,933909
1307043,934031
1307213,935480
1307737,936320
1308097,936607
1308616,938092
1308879,938754
1309069,940325
1309194,942115
1309760,942284
1311218,944054
1311909,945036
1311986,945355
1312552,947461
1313157,947618
1313164,947990
1313309,948498
1313417,948751
1314033,948831
1315145,949457
1315324,950106
1316223,950114
1316701,950970
1317745,951392
1318949,952469
1319739,954227
1319957,955348
1320136,955688
1320432,957093
1321411,957119
1322551,957939
1323101,958524
1323119,962406
1323559,962414
1324454,962679
1325322,964210
1325487,965937
1325737,966252
1326137,966618
1326309,966691
1326546,968341
1326574,970572
1327036,970597
1327121,970744
1329228,971686
1329290,973597
1330225,973883
1330412,974267
1330913,974273
1330925,974440
1331513,975787
1331762,978062
1331774,978384
1331877,979131
1332399,979988
1332646,980046
1332709,980326
1332713,980714
1332799,980874
1332999,981487
1333021,981562
1333074,981689
1333260,982081
1333421,982770
1333893,983101
1334585,983210
1335238,984408
1335388,985066
1336836,985634
1337005,986692
1337560,987854
1338658,987926
1338841,989391
1339734,989694
1340146,989817
1340576,990856
1341086,993158
1341116,993225
1341158,996047
1343142,996840
1343575,997164
1343863,999628
1344378,1000181
1344640,1001327
1344781,1001457
1344873,1002696
1345324,1003407
1346165,1003667
1346893,1004306
1346915,1005647
1346918,1006086
1347019,1006147
1347094,1009224
1347219,1010088
1347387,1010583
1348848,1011298
1349452,1012663
1349580,1013179
1349834,1013293
1350123,1013766
1350184,1015882
1352369,1016643
1352371,1016950
1352708,1018019
1354370,1018149
1354830,1018282
1355718,1019854
1355946,1020033
1356512,1020987
1356792,1023371
1356846,1023441
1357061,1024196
1357177,1024595
1357457,1025134
1357513,1026210
1357987,1027186
1358050,1027793
1358295,1027963
1358563,1028139
1358659,1028893
1358803,1029420
1358917,1029847
1359704,1030535
1359865,1030626
1359925,1031380
1360081,1033977
1360243,1034552
1360248,1035933
1360815,1038121
1362042,1038866
1362169,1039699
1362272,1040114
1362465,1040174
1363465,1041971
1363794,1042413
1364045,1042574
1364159,1043928
1365251,1044665
1365287,1045351
1365513,1045951
1365522,1047929
1366043,1048076
1366300,1048460
1366816,1049080
1367388,1049316
1367444,1049381
1368191,1049844
1368193,1056492
1369162,1058134
1370072,1058995
1370445,1059242
1370503,1059296
1370590,1060083
1370627,1060307
1370644,1064056
1370830,1065602
1371882,1066218
1372225,1066754
1372629,1067005
1372864,1068938
1372986,1070744
1373101,1071077
1373332,1074431
1373668,1075552
1374252,1075856
1374308,1075897
1374587,1077002
1375449,1078430
1375468,1079795
1377125,1080827
1377514,1082305
1377606,1083179
1378233,1085928
1379258,1088555
1379629,1088686
1380730,1089593
1381916,1091653
1382164,1092421
1382239,1093265
1384142,1094690
1384998,1094764
1385136,1094768
1387142,1095824
1387499,1095982
1389012,1097067
1389387,1101398
1389495,1102865
1390115,1103784
1390992,1103936
1391269,1104882
1391341,1105730
1391755,1105893
1392500,1105902
1392660,1106030
1392681,1107552
1392696,1107918
1392994,1108603
1393142,1112783
1393224,1113545
1393405,1114374
1393452,1114507
1393944,1115026
1394236,1115765
1394278,1116326
1394384,1117060
1395106,1117209
1396361,1118658
1396375,1119043
1397021,1120789
1397200,1121011
1397507,1121246
1398212,1121649
1398520,1121897
1398705,1122009
1398781,1123048
1398805,1125455
1398947,1127516
1398981,1128174
1399330,1129214
1399419,1130406
1400648,1131429
1401661,1131608
1402237,1137627
1402478,1137866
1402507,1138307
1402526,1142639
1402751,1145085
1403171,1145614
1403334,1146922
1405051,1148244
1405821,1148898
1405951,1151640
1406081,1152155
1406206,1153097
1406766,1153454
1407675,1153843
1408148,1154200
1408245,1154992
1408381,1156811
1409382,1157533
1409523,1158696
1410408,1158966
1410461,1159919
1410595,1160776
1410658,1162293
1410723,1164569
1410826,1164700
1410854,1165620
1411398,1166566
1412066,1169172
1412145,1171330
1412894,1171556
1413158,1172987
1413889,1174811
1415468,1175852
1415665,1177274
1415826,1177533
1416326,1180457
1416423,1180716
1416467,1181176
1416577,1181525
1416875,1183815
1417671,1184800
1417709,1185578
1418642,1186880
1419230,1187985
1420555,1189237
1421290,1189287
1421662,1190217
1422157,1191035
1423361,1193044
1423545,1193988
1424299,1194324
1424320,1196132
1424584,1197415
1425352,1199858
1426621,1200347
1427941,1201150
1428130,1201252
1428560,1202212
1428588,1203213
1428839,1203789
1430669,1203882
1431888,1204226
1432306,1204431
1433025,1206161
1433061,1206163
1433520,1206906
1433701,1211560
1434094,1212901
1434847,1213587
1436292,1216334
1436346,1217162
1436394,1218357
1437069,1220527
1437097,1221798
1437479,1223066
1438184,1224127
1438625,1226209
1439853,1227512
1441119,1228280
1441278,1230625
1443732,1234419
1444117,1235300
1444193,1235804
1445244,1236446
1446561,1239812
1447008,1240050
1447022,1242198
1447063,1246072
1447217,1246132
1447401,1246790
1449044,1251776
1449152,1252581
1449716,1252817
1450437,1253752
1450448,1253885
1451884,1261704
1452270,1263366
1452915,1264470
1453252,1264483
1454528,1265229
1454945,1267162
1456155,1267579
1456540,1270165
1457376,1270257
1457707,1270470
1457834,1270477
1459890,1270659
1459934,1270746
1460379,1276447
1460612,1280970
1462134,1282667
1462816,1283605
1463358,1284121
1463633,1289123
1464635,1289797
1467377,1290368
1468178,1291361
1468208,1295217
1469602,1296038
1469842,1297421
1470405,1297606
1470836,1298383
1470919,1300084
1471891,1300928
1472236,1302237
1473306,1304414
1474203,1304700
1474389,1305908
1474814,1306826
1475719,1307090
1475755,1308004
1476583,1308597
1477647,1311283
1478883,1312861
1479064,1315809
1479259,1315946
1479296,1321415
1479358,1323364
1479990,1324972
1480260,1325874
1480554,1328441
1480670,1328900
1482648,1328930
1483523,1330644
1483743,1334045
1484153,1334367
1484374,1334788
1485272,1336223
1485567,1337057
1486416,1340156
1486561,1340475
1487683,1341146
1488136,1342513
1489929,1345819
1490552,1346390
1491426,1349051
1491459,1350618
1491791,1351812
1492136,1353138
1492856,1353759
1493217,1356601
1493451,1359258
1493568,1362150
1493720,1363986
1495657,1370148
1495758,1372812
1496901,1374582
1496929,1376832
1497025,1387521
1497327,1391051
1497560,1391551
1497568,1395030
1499045,1398677
1499184,1400067
1499487,1400815
1499688,1401966
1500169,1402263
1501183,1402280
1501369,1402704
1502140,1405724
1502303,1405726
1502495,1406006
1503234,1409026
1503654,1411765
1503866,1414584
1504082,1421586
1505188,1421963
1507008,1424121
1507108,1430526
1508000,1431466
1508217,1432128
1508503,1445347
1509903,1446608
1511440,1447025
1513383,1449420
1513412,1449506
1514746,1450013
1515585,1452893
1517142,1456213
1517757,1456571
1518572,1456622
1519627,1457438
1520384,1458478
1520795,1458762
1521618,1459763
1522456,1461529
1524565,1461722
1525521,1463129
1525998,1463422
1526002,1464694
1526089,1467770
1526483,1467888
1526660,1468893
1526841,1470095
1527524,1472880
1529468,1473499
1529973,1473772
1531122,1479242
1531184,1482577
1531664,1483376
1532563,1500766
1532676,1505215
1533540,1506193
1533861,1508346
1534182,1508482
1534197,1509504
1534535,1516285
1534643,1522225
1537279,1527633
1538228,1540781
1539442,1541278
1539902,1542003
1540620,1542043
1542523,1549401
1542617,1549548
1542695,1549874
1544148,1550024
1544894,1551233
1545086,1553967
1547257,1555623
1547931,1562364
1548372,1563597
1549483,1565191
1549500,1566656
1550488,1576052
1550688,1577380
1551325,1577997
1551764,1593481
1552607,1595353
1554096,1601679
1556319,1604464
1556351,1607279
1557085,1607714
1557343,1619246
1557831,1620073
1559030,1624299
1559570,1626309
1560209,1628767
1567258,1630017
1568369,1633356
1569394,1640875
1570415,1656656
1571609,1657214
1574135,1663487
1574624,1665912
1575065,1674910
1576015,1677843
1576044,1679172
1576631,1687002
1576846,1687345
1577593,1687460
1578235,1694894
1578716,1697917
1579504,1700977
1580777,1703667
1581180,1711351
1581869,1712264
1582060,1720697
1583125,1722160
1583222,1727491
1585568,1734461
1587576,1740178
1587754,1743263
1588363,1751417
1595169,1751849
1595271,1752072
1596117,1757958
1596182,1767021
1596756,1772902
1597769,1773963
1598217,1782633
1600762,1792028
1605045,1794664
1606218,1799272
1608138,1812880
1608910,1830316
1612052,1839999
1612203,1840370
1612662,1844684
1613487,1858625
1616301,1867028
1617918,1872483
1617932,1881324
1618854,1881786
1619617,1888300
1621403,1901812
1622952,1905453
1623106,1910599
1624613,1917123
1628182,1921301
1628253,1922210
1628518,1923059
1629150,1924830
1629393,1925962
1630124,1930361
1630465,1933593
1631328,1939959
1632841,1967837
1634280,1973347
1634438,1975398
1635288,1976751
1636206,1977186
1636493,1978333
1636976,1987086
1639787,2011078
1642265,2015113
1643691,2015364
1649925,2021248
1654766,2055155
1655270,2058111
1655506,2084049
1655549,2093278
1657022,2097092
1657074,2108217
1657308,2116113
1658009,2137119
1658354,2159828
1660226,2168852
1661711,2170892
1665351,2179869
1665634,2184829
1668558,2185964
1668824,2194612
1668845,2213917
1672043,2217803
1675476,2230116
1675826,2245566
1678399,2274669
1679487,2288793
1687673,2355483
1690912,2367603
1691239,2379559
1692201,2387024
1692493,2397574
1696188,2398845
1706730,2422549
1716428,2436891
1719658,2489165
1720586,2494124
1722008,2495935
1731722,2531400
1732538,2542530
1736075,2553980
1736562,2620852
1738081,2675585
1744991,2686818
1746380,2698401
1749061,2715526
1750300,2738247
1750644,2754210
1754163,2860555
1755923,2880356
1756151,3048103
1758327,3237436
1768326,3536318
1772980,3542960
1780787,3669717
1785789,3675828
1795370,3836797
1796574,3936771
1802339,4204204
1813466,4305449
1814219,4513577
1816365,4838503
1852575,5631295
1854010,5892025
1874443,6364324
1884265,11150858
1911904,11534214
