1,1001,1735897184, , 
1,1001,1702476318, , 
1,1001,1687615548, , 
1,1001,1729709383, , 
1,1001,1695174400, , 
1,1001,1711973524, , 
1,1001,1709136446, , 
1,1001,1685217661, , 
1,1001,1644427088, , 
1,1001,1720613780, , 
1,1001,1654390076, , 
1,1001,1717147379, , 
1,1001,1715426033, , 
1,1001,1708501574, , 
1,1001,1693573444, , 
1,1001,1728291155, , 
1,1001,1748565817, , 
1,1001,1700854323, , 
1,1001,1715207543, , 
1,1001,1698380804, , 
1,1001,1757100117, , 
1,1001,1662782649, , 
1,1001,1767608841, , 
1,1001,1745406598, , 
1,1001,1739727634, , 
1,1001,1734444625, , 
1,1001,1715772651, , 
1,1001,1709713837, , 
1,1001,1685656402, , 
1,1001,1708305211, , 
1,1001,1292167052, , 
1,1001,2593269031, , 
1,1001,2574333561, , 
1,1001,2588665386, , 
1,1001,2617070212, , 
