1,1001,1381907528, , 
1,1001,1273311910, , 
1,1001,1266300992, , 
1,1001,1348959997, , 
1,1001,1319221318, , 
1,1001,1312661233, , 
1,1001,1324303208, , 
1,1001,1311559269, , 
1,1001,1310416759, , 
1,1001,1317335959, , 
1,1001,1309438370, , 
1,1001,1335285726, , 
1,1001,1321507500, , 
1,1001,1322836340, , 
1,1001,1346196713, , 
1,1001,1352900218, , 
1,1001,1272267516, , 
1,1001,1374970133, , 
1,1001,1308158212, , 
1,1001,1294994732, , 
1,1001,1287530730, , 
1,1001,1321338240, , 
1,1001,1327311217, , 
1,1001,1346566370, , 
1,1001,1345162817, , 
1,1001,1312911565, , 
1,1001,1300368730, , 
1,1001,1287644706, , 
1,1001,1322892543, , 
1,1001,1298008602, , 
